account,score,risk_level,signals
ACC_0025,0.6451363622188568,MEDIUM,cycle_detection|cycle_detection|cycle_detection|cycle_detection|cycle_detection|cycle_detection|cycle_detection|cycle_detection|cycle_detection|cycle_detection|cycle_detection|cycle_detection|cycle_detection|cycle_detection|cycle_detection|cycle_detection|cycle_detection|cycle_detection|cycle_detection|cycle_detection|cycle_detection|cycle_detection|cycle_detection|cycle_detection|cycle_detection|cycle_detection|cycle_detection|cycle_detection|cycle_detection|cycle_detection|cycle_detection|cycle_detection|cycle_detection|cycle_detection|cycle_detection|cycle_detection|cycle_detection|cycle_detection|cycle_detection|cycle_detection|cycle_detection|cycle_detection|cycle_detection|cycle_detection|cycle_detection|cycle_detection|cycle_detection|cycle_detection|cycle_detection|cycle_detection|cycle_detection|cycle_detection|cycle_detection|cycle_detection|cycle_detection|cycle_detection|cycle_detection|cycle_detection|cycle_detection|cycle_detection|cycle_detection|cycle_detection|cycle_detection|cycle_detection|cycle_detection|cycle_detection|cycle_detection|cycle_detection|cycle_detection|cycle_detection|cycle_detection|cycle_detection|cycle_detection|cycle_detection|cycle_detection|cycle_detection|cycle_detection|cycle_detection|cycle_detection|cycle_detection|fan_out_detected|high_centrality|cyber_unknown|risk_escalation|temporal_concentration|emerging_link
ACC_0010,0.6251363622188568,MEDIUM,cycle_detection|cycle_detection|cycle_detection|cycle_detection|cycle_detection|cycle_detection|cycle_detection|cycle_detection|cycle_detection|cycle_detection|cycle_detection|cycle_detection|cycle_detection|cycle_detection|cycle_detection|cycle_detection|cycle_detection|cycle_detection|cycle_detection|cycle_detection|cycle_detection|cycle_detection|cycle_detection|cycle_detection|cycle_detection|cycle_detection|cycle_detection|cycle_detection|cycle_detection|cycle_detection|cycle_detection|cycle_detection|cycle_detection|fan_in_detected|high_centrality|cyber_bruteforce_followed_by_success|risk_escalation|temporal_concentration|emerging_link
ACC_0003,0.6115190040111542,MEDIUM,cycle_detection|cycle_detection|cycle_detection|cycle_detection|cycle_detection|cycle_detection|cycle_detection|cycle_detection|cycle_detection|cycle_detection|cycle_detection|cycle_detection|cycle_detection|cycle_detection|cycle_detection|risk_escalation|temporal_concentration|emerging_link
ACC_0014,0.6045249651908875,MEDIUM,cycle_detection|cycle_detection|cycle_detection|cycle_detection|cycle_detection|cycle_detection|cycle_detection|cycle_detection|cycle_detection|cycle_detection|cycle_detection|cycle_detection|cycle_detection|cycle_detection|cycle_detection|cycle_detection|cycle_detection|cycle_detection|cycle_detection|cycle_detection|cycle_detection|cycle_detection|cycle_detection|cycle_detection|cycle_detection|cycle_detection|cycle_detection|cycle_detection|cycle_detection|cycle_detection|cycle_detection|risk_escalation|temporal_concentration|emerging_link
ACC_0045,0.5845249651908875,MEDIUM,cycle_detection|cycle_detection|cycle_detection|cycle_detection|risk_escalation|temporal_concentration|emerging_link
ACC_0017,0.5824750195980072,MEDIUM,cycle_detection|cycle_detection|cycle_detection|cycle_detection|cycle_detection|cycle_detection|cycle_detection|cycle_detection|cycle_detection|cycle_detection|cycle_detection|cycle_detection|cycle_detection|cycle_detection|cycle_detection|cycle_detection|cycle_detection|cycle_detection|cycle_detection|cycle_detection|cycle_detection|cycle_detection|cycle_detection|cycle_detection|cycle_detection|cycle_detection|cycle_detection|cycle_detection|cycle_detection|cycle_detection|cycle_detection|cycle_detection|cycle_detection|cycle_detection|cycle_detection|cycle_detection|cycle_detection|cycle_detection|cycle_detection|cycle_detection|cycle_detection|cycle_detection|cycle_detection|cycle_detection|cycle_detection|cycle_detection|cycle_detection|cycle_detection|risk_escalation|temporal_concentration|emerging_link
ACC_0033,0.575882905626297,MEDIUM,cycle_detection|cycle_detection|cycle_detection|cycle_detection|cycle_detection|cycle_detection|cycle_detection|cycle_detection|cycle_detection|cycle_detection|cycle_detection|cycle_detection|cycle_detection|cycle_detection|cycle_detection|cycle_detection|cycle_detection|risk_escalation|temporal_concentration|emerging_link
ACC_0011,0.5708513914585114,MEDIUM,cycle_detection|cycle_detection|cycle_detection|cycle_detection|cycle_detection|cycle_detection|cycle_detection|cycle_detection|cycle_detection|cycle_detection|cycle_detection|cycle_detection|cycle_detection|cycle_detection|cycle_detection|cycle_detection|cycle_detection|cycle_detection|cycle_detection|cycle_detection|cycle_detection|cycle_detection|cycle_detection|cycle_detection|cycle_detection|cycle_detection|cycle_detection|cycle_detection|cycle_detection|cycle_detection|cycle_detection|cycle_detection|cycle_detection|cycle_detection|cycle_detection|cycle_detection|cycle_detection|cycle_detection|cycle_detection|cycle_detection|cycle_detection|cycle_detection|cycle_detection|cycle_detection|cycle_detection|cycle_detection|cycle_detection|cycle_detection|cycle_detection|cycle_detection|cycle_detection|cycle_detection|cycle_detection|cycle_detection|cycle_detection|cycle_detection|cycle_detection|cycle_detection|cycle_detection|cycle_detection|cycle_detection|cycle_detection|cycle_detection|cycle_detection|cycle_detection|cycle_detection|cycle_detection|cycle_detection|cycle_detection|cycle_detection|cycle_detection|cycle_detection|cycle_detection|cycle_detection|cycle_detection|cycle_detection|cycle_detection|cycle_detection|cycle_detection|cycle_detection|cycle_detection|cycle_detection|cycle_detection|cycle_detection|cycle_detection|cycle_detection|cycle_detection|cycle_detection|cycle_detection|cycle_detection|cycle_detection|cycle_detection|cycle_detection|cycle_detection|cycle_detection|cycle_detection|cycle_detection|cycle_detection|cycle_detection|cycle_detection|cycle_detection|cycle_detection|cycle_detection|cycle_detection|cycle_detection|risk_escalation|temporal_concentration|emerging_link
ACC_0029,0.5676080225944519,MEDIUM,cycle_detection|cycle_detection|cycle_detection|cycle_detection|cycle_detection|cycle_detection|cycle_detection|cycle_detection|cycle_detection|cycle_detection|cycle_detection|cycle_detection|cycle_detection|cycle_detection|cycle_detection|cycle_detection|cycle_detection|cycle_detection|cycle_detection|cycle_detection|cycle_detection|cycle_detection|cycle_detection|cycle_detection|cycle_detection|cycle_detection|cycle_detection|cycle_detection|cycle_detection|cycle_detection|cycle_detection|cycle_detection|cycle_detection|cycle_detection|cycle_detection|cycle_detection|cycle_detection|cycle_detection|cycle_detection|cycle_detection|cycle_detection|cycle_detection|cycle_detection|cycle_detection|cycle_detection|cycle_detection|cycle_detection|cycle_detection|cycle_detection|cycle_detection|risk_escalation|temporal_concentration|emerging_link
ACC_0020,0.565172135734558,MEDIUM,cycle_detection|cycle_detection|cycle_detection|cycle_detection|cycle_detection|cycle_detection|cycle_detection|cycle_detection|cycle_detection|cycle_detection|cycle_detection|cycle_detection|cycle_detection|cycle_detection|cycle_detection|cycle_detection|cycle_detection|cycle_detection|cycle_detection|cycle_detection|cycle_detection|cycle_detection|cycle_detection|cycle_detection|cycle_detection|cycle_detection|cycle_detection|cycle_detection|cycle_detection|cycle_detection|cycle_detection|cycle_detection|risk_escalation|temporal_concentration|emerging_link
ACC_0041,0.5638199924468994,MEDIUM,cycle_detection|cycle_detection|cycle_detection|cycle_detection|cycle_detection|cycle_detection|cycle_detection|cycle_detection|cycle_detection|cycle_detection|cycle_detection|cycle_detection|cycle_detection|cycle_detection|cycle_detection|cycle_detection|cycle_detection|cycle_detection|risk_escalation|temporal_concentration|emerging_link
ACC_0002,0.5624750195980072,MEDIUM,cycle_detection|cycle_detection|cycle_detection|cycle_detection|cycle_detection|cycle_detection|cycle_detection|cycle_detection|cycle_detection|cycle_detection|cycle_detection|cycle_detection|cycle_detection|cycle_detection|cycle_detection|cycle_detection|cycle_detection|cycle_detection|cycle_detection|cycle_detection|cycle_detection|cycle_detection|cycle_detection|cycle_detection|cycle_detection|cycle_detection|cycle_detection|cycle_detection|cycle_detection|cycle_detection|cycle_detection|cycle_detection|cycle_detection|cycle_detection|cycle_detection|cycle_detection|cycle_detection|cycle_detection|cycle_detection|cycle_detection|cycle_detection|cycle_detection|cycle_detection|cycle_detection|cycle_detection|cycle_detection|cycle_detection|cycle_detection|cycle_detection|cycle_detection|cycle_detection|cycle_detection|cycle_detection|cycle_detection|cycle_detection|cycle_detection|cycle_detection|cycle_detection|cycle_detection|cycle_detection|cycle_detection|cycle_detection|cycle_detection|cycle_detection|cycle_detection|cycle_detection|cycle_detection|cycle_detection|cycle_detection|cycle_detection|cycle_detection|cycle_detection|cycle_detection|cycle_detection|cycle_detection|cycle_detection|cycle_detection|cycle_detection|risk_escalation|temporal_concentration|emerging_link
ACC_0048,0.555766938829422,MEDIUM,cycle_detection|cycle_detection|cycle_detection|cycle_detection|cycle_detection|cycle_detection|cycle_detection|cycle_detection|cycle_detection|cycle_detection|cycle_detection|cycle_detection|cycle_detection|cycle_detection|cycle_detection|cycle_detection|cycle_detection|cycle_detection|cycle_detection|cycle_detection|cycle_detection|cycle_detection|cycle_detection|cycle_detection|risk_escalation|temporal_concentration|emerging_link
ACC_0028,0.5553942369461059,MEDIUM,cycle_detection|cycle_detection|cycle_detection|cycle_detection|cycle_detection|cycle_detection|cycle_detection|cycle_detection|cycle_detection|cycle_detection|cycle_detection|cycle_detection|cycle_detection|cycle_detection|cycle_detection|risk_escalation|temporal_concentration|emerging_link
ACC_0031,0.5532494567394257,MEDIUM,cycle_detection|cycle_detection|cycle_detection|cycle_detection|cycle_detection|risk_escalation|temporal_concentration|emerging_link
ACC_0005,0.5510443197727203,MEDIUM,cycle_detection|cycle_detection|cycle_detection|cycle_detection|cycle_detection|cycle_detection|cycle_detection|cycle_detection|cycle_detection|cycle_detection|cycle_detection|cycle_detection|cycle_detection|cycle_detection|cycle_detection|cycle_detection|cycle_detection|cycle_detection|cycle_detection|cycle_detection|cycle_detection|cycle_detection|cycle_detection|cycle_detection|cycle_detection|cycle_detection|cycle_detection|cycle_detection|cycle_detection|cycle_detection|cycle_detection|cycle_detection|cycle_detection|cycle_detection|cycle_detection|cycle_detection|cycle_detection|cycle_detection|cycle_detection|cycle_detection|cycle_detection|cycle_detection|cycle_detection|cycle_detection|cycle_detection|cycle_detection|cycle_detection|cycle_detection|cycle_detection|cycle_detection|cycle_detection|cycle_detection|cycle_detection|cycle_detection|cycle_detection|cycle_detection|cycle_detection|cycle_detection|cycle_detection|cycle_detection|cycle_detection|cycle_detection|cycle_detection|cycle_detection|cycle_detection|cycle_detection|cycle_detection|cycle_detection|cycle_detection|cycle_detection|cycle_detection|cycle_detection|cycle_detection|cycle_detection|cycle_detection|cycle_detection|cycle_detection|cycle_detection|cycle_detection|cycle_detection|risk_escalation|temporal_concentration|emerging_link
ACC_0009,0.5499558793544769,MEDIUM,cycle_detection|cycle_detection|cycle_detection|cycle_detection|cycle_detection|cycle_detection|cycle_detection|cycle_detection|cycle_detection|cycle_detection|cycle_detection|cycle_detection|cycle_detection|cycle_detection|cycle_detection|cycle_detection|cycle_detection|cycle_detection|cycle_detection|cycle_detection|cycle_detection|cycle_detection|risk_escalation|temporal_concentration|emerging_link
ACC_0006,0.549582905626297,MEDIUM,cycle_detection|cycle_detection|cycle_detection|cycle_detection|risk_escalation|temporal_concentration|emerging_link
ACC_0032,0.5484479533672333,MEDIUM,cycle_detection|cycle_detection|cycle_detection|cycle_detection|cycle_detection|cycle_detection|cycle_detection|cycle_detection|cycle_detection|cycle_detection|cycle_detection|cycle_detection|cycle_detection|cycle_detection|cycle_detection|cycle_detection|cycle_detection|cycle_detection|cycle_detection|cycle_detection|cycle_detection|cycle_detection|cycle_detection|cycle_detection|cycle_detection|cycle_detection|cycle_detection|cycle_detection|cycle_detection|cycle_detection|cycle_detection|cycle_detection|cycle_detection|cycle_detection|cycle_detection|cycle_detection|cycle_detection|cycle_detection|cycle_detection|cycle_detection|cycle_detection|cycle_detection|cycle_detection|cycle_detection|cycle_detection|cycle_detection|cycle_detection|cycle_detection|cycle_detection|cycle_detection|cycle_detection|cycle_detection|cycle_detection|cycle_detection|cycle_detection|cycle_detection|cycle_detection|cycle_detection|cycle_detection|cycle_detection|cycle_detection|cycle_detection|cycle_detection|cycle_detection|cycle_detection|cycle_detection|cycle_detection|cycle_detection|cycle_detection|cycle_detection|cycle_detection|cycle_detection|cycle_detection|cycle_detection|cycle_detection|cycle_detection|risk_escalation|temporal_concentration|emerging_link
ACC_0040,0.5484479533672333,MEDIUM,cycle_detection|cycle_detection|cycle_detection|cycle_detection|cycle_detection|cycle_detection|cycle_detection|cycle_detection|cycle_detection|cycle_detection|cycle_detection|cycle_detection|cycle_detection|cycle_detection|cycle_detection|cycle_detection|cycle_detection|cycle_detection|cycle_detection|cycle_detection|cycle_detection|cycle_detection|cycle_detection|cycle_detection|cycle_detection|cycle_detection|cycle_detection|cycle_detection|cycle_detection|cycle_detection|cycle_detection|cycle_detection|cycle_detection|cycle_detection|cycle_detection|cycle_detection|cycle_detection|cycle_detection|cycle_detection|cycle_detection|cycle_detection|cycle_detection|cycle_detection|cycle_detection|cycle_detection|cycle_detection|cycle_detection|cycle_detection|cycle_detection|cycle_detection|cycle_detection|cycle_detection|cycle_detection|cycle_detection|cycle_detection|cycle_detection|cycle_detection|cycle_detection|cycle_detection|cycle_detection|cycle_detection|cycle_detection|cycle_detection|cycle_detection|cycle_detection|cycle_detection|cycle_detection|cycle_detection|cycle_detection|cycle_detection|cycle_detection|cycle_detection|cycle_detection|cycle_detection|cycle_detection|cycle_detection|cycle_detection|cycle_detection|cycle_detection|cycle_detection|cycle_detection|cycle_detection|cycle_detection|cycle_detection|risk_escalation|temporal_concentration|emerging_link
ACC_0022,0.5438199924468994,MEDIUM,cycle_detection|cycle_detection|cycle_detection|cycle_detection|cycle_detection|risk_escalation|temporal_concentration|emerging_link
ACC_0015,0.5428928766727448,MEDIUM,cycle_detection|cycle_detection|cycle_detection|cycle_detection|cycle_detection|cycle_detection|cycle_detection|cycle_detection|risk_escalation|temporal_concentration|emerging_link
ACC_0001,0.5422092424869537,MEDIUM,cycle_detection|cycle_detection|cycle_detection|cycle_detection|cycle_detection|cycle_detection|cycle_detection|cycle_detection|cycle_detection|cycle_detection|cycle_detection|cycle_detection|cycle_detection|cycle_detection|cycle_detection|cycle_detection|cycle_detection|cycle_detection|cycle_detection|cycle_detection|cycle_detection|cycle_detection|cycle_detection|cycle_detection|cycle_detection|cycle_detection|cycle_detection|cycle_detection|cycle_detection|cycle_detection|cycle_detection|cycle_detection|cycle_detection|cycle_detection|cycle_detection|cycle_detection|cycle_detection|cycle_detection|cycle_detection|cycle_detection|cycle_detection|cycle_detection|cycle_detection|cycle_detection|cycle_detection|cycle_detection|cycle_detection|cycle_detection|cycle_detection|cycle_detection|cycle_detection|cycle_detection|cycle_detection|cycle_detection|cycle_detection|cycle_detection|cycle_detection|cycle_detection|cycle_detection|cycle_detection|cycle_detection|cycle_detection|cycle_detection|cycle_detection|cycle_detection|cycle_detection|cycle_detection|cycle_detection|cycle_detection|cycle_detection|cycle_detection|cycle_detection|cycle_detection|cycle_detection|cycle_detection|cycle_detection|cycle_detection|cycle_detection|cycle_detection|cycle_detection|cycle_detection|cycle_detection|cycle_detection|cycle_detection|cycle_detection|cycle_detection|cycle_detection|cycle_detection|cycle_detection|cycle_detection|cycle_detection|cycle_detection|cycle_detection|cycle_detection|cycle_detection|cycle_detection|cycle_detection|cycle_detection|cycle_detection|cycle_detection|cycle_detection|cycle_detection|cycle_detection|cycle_detection|cycle_detection|cycle_detection|cycle_detection|cycle_detection|cycle_detection|cycle_detection|cycle_detection|cycle_detection|cycle_detection|cycle_detection|cycle_detection|cycle_detection|cycle_detection|cycle_detection|cycle_detection|cycle_detection|cycle_detection|cycle_detection|cycle_detection|cycle_detection|cycle_detection|cycle_detection|cycle_detection|cycle_detection|cycle_detection|cycle_detection|cycle_detection|cycle_detection|cycle_detection|cycle_detection|cycle_detection|cycle_detection|cycle_detection|cycle_detection|cycle_detection|cycle_detection|cycle_detection|cycle_detection|cycle_detection|cycle_detection|cycle_detection|cycle_detection|cycle_detection|cycle_detection|cycle_detection|cycle_detection|cycle_detection|cycle_detection|cycle_detection|cycle_detection|cycle_detection|cycle_detection|cycle_detection|cycle_detection|cycle_detection|cycle_detection|cycle_detection|cycle_detection|cycle_detection|cycle_detection|cycle_detection|cycle_detection|cycle_detection|cycle_detection|cycle_detection|cycle_detection|cycle_detection|cycle_detection|cycle_detection|cycle_detection|cycle_detection|cycle_detection|cycle_detection|cycle_detection|cycle_detection|cycle_detection|cycle_detection|cycle_detection|cycle_detection|cycle_detection|cycle_detection|cycle_detection|cycle_detection|cycle_detection|cycle_detection|cycle_detection|cycle_detection|cycle_detection|cycle_detection|cycle_detection|cycle_detection|cycle_detection|cycle_detection|cycle_detection|cycle_detection|cycle_detection|cycle_detection|cycle_detection|cycle_detection|cycle_detection|cycle_detection|cycle_detection|cycle_detection|cycle_detection|cycle_detection|cycle_detection|cycle_detection|cycle_detection|cycle_detection|cycle_detection|cycle_detection|cycle_detection|cycle_detection|cycle_detection|cycle_detection|cycle_detection|cycle_detection|cycle_detection|cycle_detection|cycle_detection|cycle_detection|cycle_detection|cycle_detection|cycle_detection|cycle_detection|cycle_detection|cycle_detection|cycle_detection|cycle_detection|cycle_detection|cycle_detection|cycle_detection|cycle_detection|cycle_detection|cycle_detection|cycle_detection|cycle_detection|cycle_detection|cycle_detection|cycle_detection|cycle_detection|cycle_detection|cycle_detection|cycle_detection|cycle_detection|cycle_detection|cycle_detection|cycle_detection|cycle_detection|cycle_detection|cycle_detection|cycle_detection|cycle_detection|risk_escalation|temporal_concentration|emerging_link
ACC_0007,0.5398382710456848,MEDIUM,cycle_detection|cycle_detection|cycle_detection|cycle_detection|cycle_detection|cycle_detection|cycle_detection|cycle_detection|cycle_detection|cycle_detection|cycle_detection|cycle_detection|cycle_detection|cycle_detection|cycle_detection|cycle_detection|cycle_detection|cycle_detection|cycle_detection|cycle_detection|cycle_detection|cycle_detection|cycle_detection|cycle_detection|cycle_detection|cycle_detection|cycle_detection|cycle_detection|cycle_detection|cycle_detection|cycle_detection|cycle_detection|cycle_detection|cycle_detection|cycle_detection|cycle_detection|cycle_detection|cycle_detection|cycle_detection|cycle_detection|cycle_detection|cycle_detection|cycle_detection|cycle_detection|cycle_detection|cycle_detection|cycle_detection|cycle_detection|cycle_detection|cycle_detection|cycle_detection|cycle_detection|cycle_detection|cycle_detection|cycle_detection|cycle_detection|cycle_detection|cycle_detection|cycle_detection|cycle_detection|cycle_detection|risk_escalation|temporal_concentration|emerging_link
ACC_0021,0.5388578998088837,MEDIUM,cycle_detection|cycle_detection|cycle_detection|cycle_detection|cycle_detection|cycle_detection|cycle_detection|cycle_detection|cycle_detection|cycle_detection|cycle_detection|cycle_detection|cycle_detection|cycle_detection|cycle_detection|cycle_detection|cycle_detection|cycle_detection|cycle_detection|cycle_detection|cycle_detection|cycle_detection|cycle_detection|cycle_detection|cycle_detection|cycle_detection|cycle_detection|cycle_detection|cycle_detection|cycle_detection|cycle_detection|cycle_detection|cycle_detection|cycle_detection|cycle_detection|cycle_detection|cycle_detection|risk_escalation|temporal_concentration|emerging_link
ACC_0039,0.5386840032577515,MEDIUM,cycle_detection|cycle_detection|cycle_detection|cycle_detection|cycle_detection|cycle_detection|cycle_detection|cycle_detection|risk_escalation|temporal_concentration|emerging_link
ACC_0034,0.5325721357345581,MEDIUM,cycle_detection|cycle_detection|cycle_detection|cycle_detection|cycle_detection|cycle_detection|cycle_detection|cycle_detection|cycle_detection|cycle_detection|cycle_detection|cycle_detection|cycle_detection|cycle_detection|cycle_detection|cycle_detection|cycle_detection|cycle_detection|cycle_detection|cycle_detection|cycle_detection|cycle_detection|cycle_detection|cycle_detection|cycle_detection|cycle_detection|cycle_detection|cycle_detection|cycle_detection|cycle_detection|cycle_detection|cycle_detection|cycle_detection|cycle_detection|cycle_detection|cycle_detection|cycle_detection|cycle_detection|cycle_detection|cycle_detection|cycle_detection|cycle_detection|cycle_detection|cycle_detection|cycle_detection|cycle_detection|cycle_detection|cycle_detection|cycle_detection|cycle_detection|cycle_detection|cycle_detection|cycle_detection|cycle_detection|cycle_detection|cycle_detection|risk_escalation|temporal_concentration|emerging_link
ACC_0019,0.5262578998088836,MEDIUM,cycle_detection|cycle_detection|cycle_detection|cycle_detection|cycle_detection|cycle_detection|cycle_detection|cycle_detection|cycle_detection|cycle_detection|cycle_detection|cycle_detection|cycle_detection|cycle_detection|cycle_detection|cycle_detection|cycle_detection|cycle_detection|cycle_detection|cycle_detection|cycle_detection|cycle_detection|cycle_detection|cycle_detection|cycle_detection|cycle_detection|cycle_detection|cycle_detection|cycle_detection|cycle_detection|cycle_detection|cycle_detection|cycle_detection|cycle_detection|cycle_detection|cycle_detection|cycle_detection|cycle_detection|cycle_detection|cycle_detection|cycle_detection|cycle_detection|cycle_detection|cycle_detection|cycle_detection|cycle_detection|cycle_detection|cycle_detection|cycle_detection|cycle_detection|cycle_detection|cycle_detection|cycle_detection|cycle_detection|risk_escalation|temporal_concentration|emerging_link
ACC_0049,0.5212740359306336,MEDIUM,cycle_detection|cycle_detection|cycle_detection|cycle_detection|cycle_detection|cycle_detection|cycle_detection|cycle_detection|cycle_detection|cycle_detection|cycle_detection|cycle_detection|cycle_detection|cycle_detection|cycle_detection|cycle_detection|cycle_detection|cycle_detection|cycle_detection|cycle_detection|cycle_detection|cycle_detection|cycle_detection|cycle_detection|cycle_detection|cycle_detection|cycle_detection|cycle_detection|cycle_detection|cycle_detection|cycle_detection|cycle_detection|cycle_detection|cycle_detection|cycle_detection|cycle_detection|cycle_detection|cycle_detection|risk_escalation|temporal_concentration|emerging_link
ACC_0042,0.4674,MEDIUM,cycle_detection|cycle_detection|cycle_detection|cycle_detection|cycle_detection|cycle_detection|risk_escalation|temporal_concentration
ACC_0004,0.4674,MEDIUM,cycle_detection|cycle_detection|cycle_detection|cycle_detection|cycle_detection|cycle_detection|cycle_detection|cycle_detection|cycle_detection|cycle_detection|cycle_detection|cycle_detection|cycle_detection|cycle_detection|cycle_detection|cycle_detection|cycle_detection|cycle_detection|cycle_detection|cycle_detection|cycle_detection|cycle_detection|cycle_detection|cycle_detection|cycle_detection|cycle_detection|cycle_detection|cycle_detection|cycle_detection|cycle_detection|cycle_detection|cycle_detection|cycle_detection|cycle_detection|cycle_detection|cycle_detection|cycle_detection|cycle_detection|cycle_detection|cycle_detection|cycle_detection|cycle_detection|cycle_detection|cycle_detection|cycle_detection|cycle_detection|cycle_detection|cycle_detection|cycle_detection|cycle_detection|cycle_detection|cycle_detection|cycle_detection|cycle_detection|cycle_detection|cycle_detection|cycle_detection|cycle_detection|cycle_detection|cycle_detection|cycle_detection|cycle_detection|cycle_detection|cycle_detection|cycle_detection|cycle_detection|cycle_detection|cycle_detection|cycle_detection|cycle_detection|cycle_detection|cycle_detection|cycle_detection|cycle_detection|cycle_detection|cycle_detection|cycle_detection|cycle_detection|cycle_detection|cycle_detection|cycle_detection|cycle_detection|cycle_detection|cycle_detection|cycle_detection|cycle_detection|cycle_detection|cycle_detection|cycle_detection|cycle_detection|cycle_detection|cycle_detection|cycle_detection|cycle_detection|cycle_detection|cycle_detection|cycle_detection|cycle_detection|cycle_detection|cycle_detection|cycle_detection|risk_escalation|temporal_concentration
ACC_0000,0.4674,MEDIUM,cycle_detection|cycle_detection|cycle_detection|cycle_detection|cycle_detection|cycle_detection|cycle_detection|cycle_detection|cycle_detection|cycle_detection|cycle_detection|cycle_detection|cycle_detection|cycle_detection|cycle_detection|cycle_detection|cycle_detection|cycle_detection|cycle_detection|cycle_detection|cycle_detection|cycle_detection|cycle_detection|cycle_detection|cycle_detection|cycle_detection|cycle_detection|cycle_detection|cycle_detection|cycle_detection|cycle_detection|cycle_detection|cycle_detection|cycle_detection|cycle_detection|cycle_detection|cycle_detection|cycle_detection|cycle_detection|cycle_detection|cycle_detection|cycle_detection|cycle_detection|cycle_detection|cycle_detection|cycle_detection|cycle_detection|cycle_detection|cycle_detection|cycle_detection|cycle_detection|cycle_detection|cycle_detection|cycle_detection|cycle_detection|cycle_detection|cycle_detection|cycle_detection|cycle_detection|cycle_detection|cycle_detection|cycle_detection|cycle_detection|cycle_detection|cycle_detection|cycle_detection|cycle_detection|cycle_detection|cycle_detection|cycle_detection|cycle_detection|cycle_detection|cycle_detection|cycle_detection|cycle_detection|cycle_detection|cycle_detection|cycle_detection|cycle_detection|cycle_detection|cycle_detection|cycle_detection|cycle_detection|cycle_detection|cycle_detection|cycle_detection|cycle_detection|cycle_detection|cycle_detection|cycle_detection|cycle_detection|cycle_detection|cycle_detection|cycle_detection|cycle_detection|cycle_detection|cycle_detection|cycle_detection|cycle_detection|cycle_detection|cycle_detection|cycle_detection|cycle_detection|cycle_detection|cycle_detection|cycle_detection|cycle_detection|cycle_detection|cycle_detection|cycle_detection|cycle_detection|cycle_detection|cycle_detection|cycle_detection|cycle_detection|cycle_detection|cycle_detection|cycle_detection|cycle_detection|cycle_detection|cycle_detection|cycle_detection|cycle_detection|cycle_detection|cycle_detection|cycle_detection|cycle_detection|cycle_detection|cycle_detection|cycle_detection|cycle_detection|cycle_detection|cycle_detection|cycle_detection|cycle_detection|cycle_detection|cycle_detection|cycle_detection|cycle_detection|cycle_detection|cycle_detection|cycle_detection|cycle_detection|cycle_detection|cycle_detection|cycle_detection|cycle_detection|cycle_detection|cycle_detection|cycle_detection|cycle_detection|cycle_detection|cycle_detection|cycle_detection|cycle_detection|cycle_detection|cycle_detection|cycle_detection|cycle_detection|cycle_detection|cycle_detection|cycle_detection|cycle_detection|cycle_detection|cycle_detection|cycle_detection|cycle_detection|cycle_detection|cycle_detection|cycle_detection|cycle_detection|cycle_detection|cycle_detection|cycle_detection|cycle_detection|cycle_detection|cycle_detection|cycle_detection|cycle_detection|cycle_detection|cycle_detection|cycle_detection|cycle_detection|cycle_detection|cycle_detection|cycle_detection|cycle_detection|cycle_detection|cycle_detection|cycle_detection|cycle_detection|cycle_detection|cycle_detection|cycle_detection|cycle_detection|cycle_detection|cycle_detection|cycle_detection|cycle_detection|cycle_detection|cycle_detection|cycle_detection|cycle_detection|cycle_detection|cycle_detection|cycle_detection|cycle_detection|cycle_detection|cycle_detection|cycle_detection|cycle_detection|cycle_detection|cycle_detection|cycle_detection|cycle_detection|cycle_detection|cycle_detection|cycle_detection|cycle_detection|cycle_detection|cycle_detection|cycle_detection|cycle_detection|cycle_detection|cycle_detection|cycle_detection|cycle_detection|cycle_detection|cycle_detection|cycle_detection|cycle_detection|cycle_detection|cycle_detection|cycle_detection|cycle_detection|cycle_detection|cycle_detection|cycle_detection|cycle_detection|cycle_detection|cycle_detection|cycle_detection|cycle_detection|cycle_detection|cycle_detection|cycle_detection|cycle_detection|cycle_detection|cycle_detection|cycle_detection|cycle_detection|cycle_detection|cycle_detection|cycle_detection|cycle_detection|cycle_detection|cycle_detection|cycle_detection|cycle_detection|cycle_detection|cycle_detection|cycle_detection|cycle_detection|cycle_detection|cycle_detection|cycle_detection|cycle_detection|cycle_detection|cycle_detection|cycle_detection|cycle_detection|cycle_detection|cycle_detection|cycle_detection|cycle_detection|cycle_detection|cycle_detection|cycle_detection|cycle_detection|cycle_detection|cycle_detection|cycle_detection|cycle_detection|cycle_detection|cycle_detection|cycle_detection|cycle_detection|cycle_detection|cycle_detection|cycle_detection|cycle_detection|cycle_detection|cycle_detection|cycle_detection|cycle_detection|cycle_detection|cycle_detection|cycle_detection|cycle_detection|cycle_detection|cycle_detection|cycle_detection|cycle_detection|cycle_detection|cycle_detection|cycle_detection|cycle_detection|cycle_detection|cycle_detection|cycle_detection|cycle_detection|cycle_detection|cycle_detection|cycle_detection|cycle_detection|cycle_detection|cycle_detection|cycle_detection|cycle_detection|cycle_detection|cycle_detection|cycle_detection|cycle_detection|cycle_detection|cycle_detection|cycle_detection|cycle_detection|cycle_detection|cycle_detection|cycle_detection|cycle_detection|cycle_detection|cycle_detection|cycle_detection|cycle_detection|cycle_detection|cycle_detection|cycle_detection|cycle_detection|cycle_detection|cycle_detection|cycle_detection|cycle_detection|cycle_detection|cycle_detection|cycle_detection|cycle_detection|cycle_detection|cycle_detection|cycle_detection|cycle_detection|cycle_detection|cycle_detection|cycle_detection|cycle_detection|cycle_detection|cycle_detection|cycle_detection|cycle_detection|cycle_detection|cycle_detection|cycle_detection|cycle_detection|cycle_detection|cycle_detection|cycle_detection|cycle_detection|cycle_detection|cycle_detection|cycle_detection|cycle_detection|cycle_detection|cycle_detection|cycle_detection|cycle_detection|cycle_detection|cycle_detection|cycle_detection|cycle_detection|cycle_detection|cycle_detection|cycle_detection|cycle_detection|cycle_detection|cycle_detection|cycle_detection|cycle_detection|cycle_detection|cycle_detection|cycle_detection|cycle_detection|cycle_detection|cycle_detection|cycle_detection|cycle_detection|cycle_detection|cycle_detection|cycle_detection|cycle_detection|cycle_detection|cycle_detection|cycle_detection|cycle_detection|cycle_detection|cycle_detection|cycle_detection|cycle_detection|cycle_detection|cycle_detection|cycle_detection|cycle_detection|cycle_detection|cycle_detection|cycle_detection|cycle_detection|cycle_detection|cycle_detection|cycle_detection|cycle_detection|cycle_detection|cycle_detection|cycle_detection|cycle_detection|cycle_detection|cycle_detection|cycle_detection|cycle_detection|cycle_detection|cycle_detection|cycle_detection|cycle_detection|cycle_detection|cycle_detection|cycle_detection|cycle_detection|cycle_detection|cycle_detection|cycle_detection|cycle_detection|cycle_detection|cycle_detection|cycle_detection|cycle_detection|cycle_detection|cycle_detection|cycle_detection|cycle_detection|cycle_detection|cycle_detection|cycle_detection|cycle_detection|cycle_detection|cycle_detection|cycle_detection|cycle_detection|cycle_detection|cycle_detection|cycle_detection|cycle_detection|cycle_detection|cycle_detection|cycle_detection|cycle_detection|cycle_detection|cycle_detection|cycle_detection|cycle_detection|cycle_detection|cycle_detection|cycle_detection|cycle_detection|cycle_detection|cycle_detection|cycle_detection|cycle_detection|cycle_detection|cycle_detection|cycle_detection|cycle_detection|cycle_detection|cycle_detection|cycle_detection|cycle_detection|cycle_detection|cycle_detection|cycle_detection|cycle_detection|cycle_detection|cycle_detection|cycle_detection|cycle_detection|cycle_detection|cycle_detection|cycle_detection|cycle_detection|cycle_detection|cycle_detection|cycle_detection|cycle_detection|cycle_detection|cycle_detection|cycle_detection|cycle_detection|cycle_detection|cycle_detection|cycle_detection|cycle_detection|cycle_detection|cycle_detection|cycle_detection|cycle_detection|cycle_detection|cycle_detection|cycle_detection|cycle_detection|cycle_detection|cycle_detection|cycle_detection|cycle_detection|cycle_detection|cycle_detection|cycle_detection|cycle_detection|cycle_detection|cycle_detection|cycle_detection|cycle_detection|cycle_detection|cycle_detection|cycle_detection|cycle_detection|cycle_detection|cycle_detection|cycle_detection|cycle_detection|cycle_detection|cycle_detection|cycle_detection|cycle_detection|cycle_detection|cycle_detection|cycle_detection|cycle_detection|cycle_detection|cycle_detection|cycle_detection|cycle_detection|cycle_detection|cycle_detection|cycle_detection|cycle_detection|cycle_detection|cycle_detection|cycle_detection|cycle_detection|cycle_detection|cycle_detection|cycle_detection|cycle_detection|cycle_detection|cycle_detection|cycle_detection|cycle_detection|cycle_detection|cycle_detection|cycle_detection|cycle_detection|cycle_detection|cycle_detection|cycle_detection|cycle_detection|cycle_detection|cycle_detection|cycle_detection|cycle_detection|cycle_detection|cycle_detection|cycle_detection|cycle_detection|cycle_detection|cycle_detection|cycle_detection|cycle_detection|cycle_detection|cycle_detection|cycle_detection|cycle_detection|cycle_detection|cycle_detection|cycle_detection|cycle_detection|cycle_detection|cycle_detection|cycle_detection|cycle_detection|cycle_detection|cycle_detection|cycle_detection|cycle_detection|cycle_detection|cycle_detection|cycle_detection|cycle_detection|cycle_detection|cycle_detection|cycle_detection|cycle_detection|cycle_detection|cycle_detection|cycle_detection|cycle_detection|cycle_detection|cycle_detection|cycle_detection|cycle_detection|cycle_detection|cycle_detection|cycle_detection|cycle_detection|cycle_detection|cycle_detection|cycle_detection|cycle_detection|cycle_detection|cycle_detection|cycle_detection|cycle_detection|cycle_detection|cycle_detection|cycle_detection|cycle_detection|cycle_detection|cycle_detection|cycle_detection|cycle_detection|cycle_detection|cycle_detection|cycle_detection|cycle_detection|cycle_detection|cycle_detection|cycle_detection|cycle_detection|cycle_detection|cycle_detection|cycle_detection|cycle_detection|cycle_detection|cycle_detection|cycle_detection|cycle_detection|cycle_detection|cycle_detection|cycle_detection|cycle_detection|cycle_detection|cycle_detection|cycle_detection|cycle_detection|cycle_detection|cycle_detection|cycle_detection|cycle_detection|cycle_detection|cycle_detection|cycle_detection|cycle_detection|cycle_detection|cycle_detection|cycle_detection|cycle_detection|cycle_detection|cycle_detection|cycle_detection|cycle_detection|cycle_detection|cycle_detection|cycle_detection|cycle_detection|cycle_detection|cycle_detection|cycle_detection|cycle_detection|cycle_detection|cycle_detection|cycle_detection|cycle_detection|cycle_detection|cycle_detection|cycle_detection|cycle_detection|cycle_detection|cycle_detection|cycle_detection|cycle_detection|cycle_detection|cycle_detection|cycle_detection|cycle_detection|cycle_detection|cycle_detection|cycle_detection|cycle_detection|cycle_detection|cycle_detection|cycle_detection|cycle_detection|cycle_detection|cycle_detection|cycle_detection|cycle_detection|cycle_detection|cycle_detection|cycle_detection|cycle_detection|cycle_detection|cycle_detection|cycle_detection|cycle_detection|cycle_detection|cycle_detection|cycle_detection|cycle_detection|cycle_detection|cycle_detection|cycle_detection|cycle_detection|cycle_detection|cycle_detection|cycle_detection|cycle_detection|cycle_detection|cycle_detection|cycle_detection|cycle_detection|cycle_detection|cycle_detection|cycle_detection|cycle_detection|cycle_detection|cycle_detection|cycle_detection|cycle_detection|cycle_detection|cycle_detection|cycle_detection|cycle_detection|cycle_detection|cycle_detection|cycle_detection|cycle_detection|cycle_detection|cycle_detection|cycle_detection|cycle_detection|cycle_detection|cycle_detection|cycle_detection|cycle_detection|cycle_detection|cycle_detection|cycle_detection|cycle_detection|cycle_detection|cycle_detection|cycle_detection|cycle_detection|cycle_detection|cycle_detection|cycle_detection|cycle_detection|cycle_detection|cycle_detection|cycle_detection|cycle_detection|cycle_detection|cycle_detection|cycle_detection|cycle_detection|cycle_detection|cycle_detection|cycle_detection|cycle_detection|cycle_detection|cycle_detection|cycle_detection|cycle_detection|cycle_detection|cycle_detection|cycle_detection|cycle_detection|cycle_detection|cycle_detection|cycle_detection|cycle_detection|cycle_detection|cycle_detection|cycle_detection|cycle_detection|cycle_detection|cycle_detection|cycle_detection|cycle_detection|cycle_detection|cycle_detection|cycle_detection|cycle_detection|cycle_detection|cycle_detection|cycle_detection|cycle_detection|cycle_detection|cycle_detection|cycle_detection|cycle_detection|cycle_detection|cycle_detection|cycle_detection|cycle_detection|cycle_detection|cycle_detection|cycle_detection|cycle_detection|cycle_detection|cycle_detection|cycle_detection|cycle_detection|cycle_detection|cycle_detection|cycle_detection|cycle_detection|cycle_detection|risk_escalation|temporal_concentration
ACC_0012,0.4674,MEDIUM,cycle_detection|cycle_detection|cycle_detection|cycle_detection|cycle_detection|cycle_detection|cycle_detection|cycle_detection|cycle_detection|cycle_detection|cycle_detection|cycle_detection|cycle_detection|cycle_detection|cycle_detection|cycle_detection|cycle_detection|cycle_detection|cycle_detection|cycle_detection|cycle_detection|cycle_detection|cycle_detection|cycle_detection|cycle_detection|cycle_detection|cycle_detection|cycle_detection|cycle_detection|cycle_detection|cycle_detection|cycle_detection|cycle_detection|cycle_detection|cycle_detection|cycle_detection|cycle_detection|cycle_detection|cycle_detection|cycle_detection|cycle_detection|cycle_detection|cycle_detection|cycle_detection|cycle_detection|cycle_detection|cycle_detection|cycle_detection|cycle_detection|cycle_detection|cycle_detection|cycle_detection|cycle_detection|cycle_detection|cycle_detection|cycle_detection|cycle_detection|cycle_detection|cycle_detection|cycle_detection|cycle_detection|cycle_detection|cycle_detection|cycle_detection|cycle_detection|cycle_detection|cycle_detection|cycle_detection|cycle_detection|cycle_detection|cycle_detection|cycle_detection|cycle_detection|cycle_detection|cycle_detection|cycle_detection|cycle_detection|cycle_detection|cycle_detection|cycle_detection|cycle_detection|cycle_detection|cycle_detection|cycle_detection|cycle_detection|cycle_detection|cycle_detection|cycle_detection|cycle_detection|cycle_detection|cycle_detection|cycle_detection|risk_escalation|temporal_concentration
ACC_0013,0.4674,MEDIUM,cycle_detection|cycle_detection|cycle_detection|cycle_detection|cycle_detection|cycle_detection|cycle_detection|cycle_detection|cycle_detection|cycle_detection|cycle_detection|cycle_detection|cycle_detection|cycle_detection|cycle_detection|cycle_detection|cycle_detection|cycle_detection|cycle_detection|cycle_detection|cycle_detection|cycle_detection|cycle_detection|cycle_detection|cycle_detection|cycle_detection|cycle_detection|cycle_detection|cycle_detection|cycle_detection|cycle_detection|cycle_detection|cycle_detection|cycle_detection|cycle_detection|cycle_detection|cycle_detection|cycle_detection|cycle_detection|cycle_detection|cycle_detection|cycle_detection|cycle_detection|cycle_detection|cycle_detection|cycle_detection|cycle_detection|cycle_detection|cycle_detection|cycle_detection|cycle_detection|cycle_detection|risk_escalation|temporal_concentration
ACC_0027,0.4674,MEDIUM,cycle_detection|cycle_detection|cycle_detection|cycle_detection|cycle_detection|cycle_detection|cycle_detection|cycle_detection|cycle_detection|cycle_detection|cycle_detection|cycle_detection|cycle_detection|cycle_detection|cycle_detection|cycle_detection|cycle_detection|cycle_detection|cycle_detection|cycle_detection|cycle_detection|cycle_detection|cycle_detection|risk_escalation|temporal_concentration
ACC_0024,0.4674,MEDIUM,cycle_detection|cycle_detection|cycle_detection|cycle_detection|cycle_detection|cycle_detection|cycle_detection|cycle_detection|cycle_detection|cycle_detection|cycle_detection|cycle_detection|cycle_detection|cycle_detection|cycle_detection|cycle_detection|cycle_detection|cycle_detection|cycle_detection|cycle_detection|cycle_detection|cycle_detection|cycle_detection|cycle_detection|cycle_detection|cycle_detection|cycle_detection|cycle_detection|cycle_detection|cycle_detection|cycle_detection|cycle_detection|cycle_detection|cycle_detection|cycle_detection|cycle_detection|cycle_detection|cycle_detection|cycle_detection|cycle_detection|cycle_detection|cycle_detection|cycle_detection|cycle_detection|cycle_detection|cycle_detection|cycle_detection|cycle_detection|cycle_detection|risk_escalation|temporal_concentration
ACC_0038,0.4674,MEDIUM,cycle_detection|cycle_detection|cycle_detection|cycle_detection|cycle_detection|cycle_detection|cycle_detection|cycle_detection|cycle_detection|cycle_detection|cycle_detection|cycle_detection|cycle_detection|cycle_detection|cycle_detection|cycle_detection|cycle_detection|cycle_detection|cycle_detection|cycle_detection|cycle_detection|cycle_detection|cycle_detection|cycle_detection|cycle_detection|cycle_detection|cycle_detection|cycle_detection|cycle_detection|cycle_detection|cycle_detection|cycle_detection|cycle_detection|cycle_detection|cycle_detection|cycle_detection|cycle_detection|cycle_detection|cycle_detection|cycle_detection|cycle_detection|cycle_detection|cycle_detection|cycle_detection|cycle_detection|cycle_detection|cycle_detection|cycle_detection|cycle_detection|cycle_detection|cycle_detection|cycle_detection|cycle_detection|cycle_detection|cycle_detection|cycle_detection|cycle_detection|cycle_detection|cycle_detection|cycle_detection|cycle_detection|cycle_detection|cycle_detection|cycle_detection|cycle_detection|cycle_detection|cycle_detection|cycle_detection|cycle_detection|cycle_detection|cycle_detection|cycle_detection|cycle_detection|cycle_detection|cycle_detection|cycle_detection|cycle_detection|cycle_detection|cycle_detection|cycle_detection|cycle_detection|cycle_detection|cycle_detection|cycle_detection|cycle_detection|cycle_detection|cycle_detection|cycle_detection|cycle_detection|cycle_detection|cycle_detection|cycle_detection|cycle_detection|cycle_detection|cycle_detection|cycle_detection|cycle_detection|cycle_detection|cycle_detection|cycle_detection|cycle_detection|cycle_detection|cycle_detection|cycle_detection|cycle_detection|cycle_detection|cycle_detection|cycle_detection|cycle_detection|cycle_detection|cycle_detection|cycle_detection|cycle_detection|cycle_detection|cycle_detection|cycle_detection|cycle_detection|cycle_detection|cycle_detection|cycle_detection|cycle_detection|cycle_detection|cycle_detection|cycle_detection|cycle_detection|cycle_detection|cycle_detection|cycle_detection|cycle_detection|cycle_detection|cycle_detection|cycle_detection|cycle_detection|cycle_detection|cycle_detection|cycle_detection|cycle_detection|cycle_detection|cycle_detection|cycle_detection|cycle_detection|cycle_detection|cycle_detection|cycle_detection|risk_escalation|temporal_concentration
ACC_0037,0.4674,MEDIUM,cycle_detection|cycle_detection|cycle_detection|cycle_detection|cycle_detection|cycle_detection|cycle_detection|cycle_detection|cycle_detection|cycle_detection|cycle_detection|cycle_detection|cycle_detection|cycle_detection|cycle_detection|cycle_detection|cycle_detection|cycle_detection|cycle_detection|cycle_detection|cycle_detection|cycle_detection|cycle_detection|cycle_detection|cycle_detection|cycle_detection|cycle_detection|cycle_detection|cycle_detection|cycle_detection|cycle_detection|cycle_detection|cycle_detection|cycle_detection|cycle_detection|cycle_detection|cycle_detection|cycle_detection|cycle_detection|cycle_detection|cycle_detection|cycle_detection|cycle_detection|cycle_detection|cycle_detection|cycle_detection|cycle_detection|cycle_detection|cycle_detection|cycle_detection|cycle_detection|cycle_detection|cycle_detection|cycle_detection|cycle_detection|cycle_detection|cycle_detection|cycle_detection|cycle_detection|cycle_detection|cycle_detection|cycle_detection|cycle_detection|cycle_detection|cycle_detection|cycle_detection|cycle_detection|cycle_detection|cycle_detection|cycle_detection|cycle_detection|cycle_detection|cycle_detection|cycle_detection|cycle_detection|cycle_detection|cycle_detection|cycle_detection|cycle_detection|cycle_detection|cycle_detection|cycle_detection|cycle_detection|cycle_detection|cycle_detection|cycle_detection|cycle_detection|cycle_detection|cycle_detection|cycle_detection|cycle_detection|cycle_detection|cycle_detection|cycle_detection|cycle_detection|cycle_detection|cycle_detection|cycle_detection|cycle_detection|risk_escalation|temporal_concentration
ACC_0036,0.4611,MEDIUM,cycle_detection|cycle_detection|cycle_detection|cycle_detection|cycle_detection|cycle_detection|cycle_detection|cycle_detection|cycle_detection|cycle_detection|cycle_detection|cycle_detection|cycle_detection|cycle_detection|cycle_detection|cycle_detection|cycle_detection|cycle_detection|cycle_detection|cycle_detection|cycle_detection|risk_escalation|temporal_concentration
ACC_0023,0.4611,MEDIUM,cycle_detection|cycle_detection|cycle_detection|cycle_detection|cycle_detection|cycle_detection|cycle_detection|cycle_detection|cycle_detection|cycle_detection|cycle_detection|risk_escalation|temporal_concentration
ACC_0046,0.4611,MEDIUM,cycle_detection|cycle_detection|cycle_detection|cycle_detection|cycle_detection|cycle_detection|cycle_detection|cycle_detection|cycle_detection|cycle_detection|cycle_detection|cycle_detection|cycle_detection|cycle_detection|cycle_detection|cycle_detection|cycle_detection|cycle_detection|cycle_detection|cycle_detection|cycle_detection|cycle_detection|cycle_detection|cycle_detection|cycle_detection|cycle_detection|cycle_detection|cycle_detection|cycle_detection|cycle_detection|cycle_detection|cycle_detection|cycle_detection|cycle_detection|cycle_detection|cycle_detection|cycle_detection|cycle_detection|cycle_detection|cycle_detection|cycle_detection|cycle_detection|cycle_detection|cycle_detection|cycle_detection|cycle_detection|cycle_detection|cycle_detection|cycle_detection|cycle_detection|cycle_detection|cycle_detection|cycle_detection|cycle_detection|cycle_detection|cycle_detection|cycle_detection|cycle_detection|cycle_detection|cycle_detection|cycle_detection|cycle_detection|cycle_detection|cycle_detection|cycle_detection|cycle_detection|cycle_detection|cycle_detection|cycle_detection|cycle_detection|cycle_detection|risk_escalation|temporal_concentration
ACC_0008,0.4548,MEDIUM,cycle_detection|cycle_detection|cycle_detection|cycle_detection|cycle_detection|cycle_detection|cycle_detection|cycle_detection|cycle_detection|cycle_detection|cycle_detection|risk_escalation|temporal_concentration
ACC_0044,0.4548,MEDIUM,cycle_detection|cycle_detection|cycle_detection|cycle_detection|cycle_detection|cycle_detection|cycle_detection|cycle_detection|cycle_detection|cycle_detection|cycle_detection|cycle_detection|cycle_detection|cycle_detection|cycle_detection|cycle_detection|cycle_detection|cycle_detection|cycle_detection|cycle_detection|cycle_detection|cycle_detection|cycle_detection|cycle_detection|cycle_detection|cycle_detection|cycle_detection|cycle_detection|cycle_detection|cycle_detection|cycle_detection|cycle_detection|risk_escalation|temporal_concentration
ACC_0047,0.4548,MEDIUM,cycle_detection|cycle_detection|cycle_detection|cycle_detection|cycle_detection|cycle_detection|cycle_detection|cycle_detection|cycle_detection|cycle_detection|cycle_detection|cycle_detection|cycle_detection|cycle_detection|cycle_detection|cycle_detection|risk_escalation|temporal_concentration
ACC_0016,0.4485,MEDIUM,cycle_detection|cycle_detection|cycle_detection|cycle_detection|cycle_detection|risk_escalation|temporal_concentration
ACC_0043,0.4485,MEDIUM,cycle_detection|cycle_detection|cycle_detection|cycle_detection|risk_escalation|temporal_concentration
ACC_0018,0.4310443197727203,MEDIUM,cycle_detection|risk_escalation|temporal_concentration|emerging_link
ACC_0026,0.41700000000000004,MEDIUM,cycle_detection|cycle_detection|cycle_detection|cycle_detection|cycle_detection|cycle_detection|cycle_detection|cycle_detection|cycle_detection|cycle_detection|cycle_detection|cycle_detection|risk_escalation|temporal_concentration
ACC_0035,0.32739999999999997,LOW,cycle_detection|risk_escalation|temporal_concentration
ACC_0030,0.31479999999999997,LOW,cycle_detection|risk_escalation|temporal_concentration
